"imdb_id","company_id"
"tt28521744",1
"tt10163288",2
"tt10651304",2
"tt33240625",3
"tt36926222",3
"tt29795484",3
"tt33983022",3
"tt5340728",4
"tt28521744",5
"tt2147199",6
"tt3094000",6
"tt11198924",7
"tt32907500",7
"tt27694297",8
"tt28325746",9
"tt37897085",9
"tt28376705",9
"tt26505553",9
"tt34545762",9
"tt28418717",9
"tt27694297",9
"tt31024893",9
"tt33512869",9
"tt15550324",10
"tt10163288",11
"tt31158596",12
"tt11423002",12
"tt28091616",13
"tt20595798",13
"tt31145648",14
"tt14716556",15
"tt13834788",16
"tt6947800",17
"tt29632632",17
"tt29941083",17
"tt7803936",18
"tt22136838",19
"tt13324734",19
"tt21288390",20
"tt1462546",21
"tt10462650",21
"tt2062636",21
"tt1672847",21
"tt2187578",21
"tt5305352",22
"tt14766540",22
"tt2902576",22
"tt11906860",23
"tt5931390",24
"tt36926222",25
"tt30833436",25
"tt35936906",25
"tt30833434",25
"tt2551500",26
"tt2205482",26
"tt10883272",27
"tt33479839",28
"tt13612172",29
"tt6327522",30
"tt20765928",31
"tt10640710",32
"tt35268785",33
"tt31549532",34
"tt6481234",34
"tt36257627",35
"tt37579625",35
"tt35048945",35
"tt10726756",35
"tt31549532",35
"tt34883346",35
"tt10652934",36
"tt10652934",37
"tt10768466",38
"tt34867385",38
"tt4504144",39
"tt5788244",39
"tt10173962",40
"tt10173578",40
"tt10163288",41
"tt2902594",42
"tt5211888",43
"tt11285812",44
"tt2316498",45
"tt37659097",46
"tt6327432",47
"tt24007618",48
"tt35048973",48
"tt28104007",49
"tt9315574",50
"tt9025318",50
"tt11656662",51
"tt31250216",52
"tt1301265",53
"tt13393058",54
"tt11912692",54
"tt10044934",54
"tt10652934",54
"tt13728764",55
"tt4889308",56
"tt34504216",57
"tt1129405",58
"tt2073058",58
"tt1930290",58
"tt28549038",59
"tt32351596",60
"tt34547701",61
"tt15550324",62
"tt9160672",63
"tt6416788",63
"tt10427358",64
"tt15725158",65
"tt37544044",66
"tt33349813",67
"tt30489977",68
"tt13370162",69
"tt33240854",69
"tt9000302",69
"tt32740308",69
"tt30489977",69
"tt12993456",69
"tt10643918",69
"tt32546875",69
"tt10656240",69
"tt13555930",69
"tt14176796",69
"tt11710070",70
"tt1631824",70
"tt1774382",70
"tt2455354",70
"tt2112320",70
"tt27648485",71
"tt21153722",72
"tt14490962",72
"tt33240854",73
"tt33240625",74
"tt26507543",74
"tt2668926",75
"tt10998004",75
"tt10916168",76
"tt28761983",77
"tt23773712",77
"tt9249222",78
"tt1718856",79
"tt15107990",80
"tt10521192",81
"tt7144986",82
"tt7472366",82
"tt12958146",82
"tt10363850",82
"tt1817736",83
"tt12949990",83
"tt2062472",83
"tt1537886",83
"tt2112177",83
"tt11663928",83
"tt2316410",83
"tt2285419",83
"tt11655942",83
"tt2773536",83
"tt1748161",83
"tt2285527",83
"tt2022321",83
"tt2455408",83
"tt1856678",84
"tt3168514",85
"tt28643143",86
"tt9481776",87
"tt38734007",88
"tt33362918",88
"tt33362747",88
"tt23135974",89
"tt9160672",90
"tt10773114",91
"tt13484872",91
"tt13580706",91
"tt2285547",92
"tt11127782",93
"tt10930558",94
"tt12719878",94
"tt9420744",94
"tt11804076",94
"tt10645356",94
"tt10284716",94
"tt19864700",94
"tt18969072",94
"tt9811528",94
"tt20454864",94
"tt1431149",95
"tt2404241",95
"tt19072936",95
"tt2773682",96
"tt6966554",97
"tt4653526",97
"tt3301012",98
"tt3301012",99
"tt2343094",100
"tt35111036",101
"tt6003786",102
"tt11127782",103
"tt27648485",104
"tt39240255",105
"tt10300710",106
"tt2668950",107
"tt10495074",108
"tt9528890",108
"tt8237172",109
"tt10773028",110
"tt4653526",111
"tt8571716",111
"tt37659097",112
"tt32546875",112
"tt23136152",113
"tt28080971",113
"tt27449521",113
"tt2455458",114
"tt21147038",115
"tt25874946",115
"tt18971964",115
"tt15276480",115
"tt15309492",115
"tt18884798",115
"tt23060722",115
"tt18884826",115
"tt13464986",116
"tt33084140",117
"tt1899353",118
"tt34548722",119
"tt32881480",119
"tt6503596",120
"tt11929078",121
"tt9718574",122
"tt2773600",122
"tt29495329",123
"tt12242980",124
"tt3239660",125
"tt5923026",126
"tt2551500",126
"tt15433116",126
"tt34606028",126
"tt1239435",127
"tt31601350",128
"tt37578527",128
"tt3168514",129
"tt1631790",130
"tt13150254",131
"tt1495793",131
"tt1657319",131
"tt12881834",131
"tt22136838",131
"tt13324734",131
"tt13540506",131
"tt2343094",131
"tt2062567",131
"tt6135094",132
"tt9435162",133
"tt8856944",133
"tt21600496",133
"tt9000302",134
"tt7076834",134
"tt9435162",134
"tt10656240",134
"tt7013254",134
"tt10015812",134
"tt8894180",134
"tt4911656",134
"tt8856944",134
"tt6135094",134
"tt32740308",134
"tt36820596",134
"tt7013254",135
"tt37692651",136
"tt20873488",136
"tt27147775",136
"tt30400709",136
"tt30131650",136
"tt31251431",136
"tt31152435",136
"tt14793910",136
"tt33095211",136
"tt35703227",137
"tt9015650",138
"tt27004148",139
"tt33479839",139
"tt16915972",139
"tt34757117",139
"tt27823026",140
"tt1593708",141
"tt12497872",142
"tt9209390",142
"tt4895572",143
"tt27918784",143
"tt10200522",144
"tt28418717",145
"tt30295755",146
"tt28623567",146
"tt1239445",147
"tt1235446",147
"tt9253760",148
"tt15839124",149
"tt1930408",150
"tt4877706",151
"tt2343044",152
"tt1693734",152
"tt35713900",153
"tt10394822",154
"tt31024893",154
"tt14697622",155
"tt1369659",156
"tt21146854",157
"tt35268785",157
"tt16220298",157
"tt2112285",157
"tt4848740",157
"tt13938818",157
"tt27799267",157
"tt31031881",157
"tt1979169",157
"tt6327522",157
"tt29243069",157
"tt33054457",157
"tt23711186",157
"tt11708788",157
"tt3069954",157
"tt1657400",157
"tt27554460",157
"tt1237006",157
"tt11668994",157
"tt30644316",157
"tt7329748",157
"tt33349813",157
"tt25150038",157
"tt5459826",157
"tt2668926",157
"tt6327432",157
"tt11968092",158
"tt21429366",158
"tt14038500",158
"tt14697186",158
"tt11634350",158
"tt27812061",158
"tt11285812",159
"tt5539350",159
"tt10613838",160
"tt1774562",161
"tt28857853",162
"tt30517650",162
"tt24655170",162
"tt8994170",162
"tt10930558",162
"tt9420744",162
"tt10645356",162
"tt33513297",162
"tt27657534",162
"tt12719878",162
"tt19360804",162
"tt32915470",162
"tt11804076",162
"tt8520966",162
"tt10178972",162
"tt7485004",162
"tt10284716",162
"tt9811528",162
"tt11432888",162
"tt31173479",163
"tt6467500",164
"tt8302976",165
"tt6330072",165
"tt5008712",165
"tt6444398",165
"tt18938680",166
"tt32809554",166
"tt14716556",166
"tt28296772",166
"tt7803936",167
"tt1190160",168
"tt31262452",169
"tt1718798",170
"tt7429260",171
"tt11618124",171
"tt9442920",172
"tt10011534",173
"tt1748162",174
"tt1385908",175
"tt31109483",176
"tt28468241",177
"tt29349309",178
"tt23711186",179
"tt1233588",180
"tt1369678",180
"tt2773628",180
"tt35052078",181
"tt37894901",181
"tt20673668",182
"tt37595841",183
"tt28151906",183
"tt11828456",184
"tt34960278",185
"tt27011486",185
"tt29363307",186
"tt27657496",186
"tt2171114",187
"tt14949656",187
"tt3843110",187
"tt3108436",187
"tt13387422",188
"tt37508661",189
"tt10394822",190
"tt35514142",191
"tt11853484",192
"tt27446773",193
"tt10521192",193
"tt33092411",194
"tt1190130",195
"tt6029714",195
"tt13092762",195
"tt9442920",195
"tt7138190",195
"tt8065796",195
"tt1356851",195
"tt16533498",195
"tt13499146",196
"tt1495793",197
"tt34424283",198
"tt33348138",198
"tt30782539",199
"tt7752880",199
"tt11710070",200
"tt23771728",201
"tt2147199",202
"tt27341149",203
"tt26347632",204
"tt23129678",204
"tt28363725",204
"tt32023078",204
"tt10540024",205
"tt35295730",205
"tt29941084",205
"tt28131321",205
"tt38623880",205
"tt2998380",205
"tt11799822",205
"tt27950276",205
"tt7843946",205
"tt2424752",205
"tt24670146",205
"tt13789042",205
"tt10640084",205
"tt10661952",205
"tt36009904",205
"tt23129678",205
"tt8076266",205
"tt32023078",205
"tt5587488",205
"tt3032182",205
"tt11127878",205
"tt5514296",205
"tt5920318",205
"tt26347632",205
"tt10039468",205
"tt37884925",205
"tt31070611",205
"tt2187548",205
"tt6825826",205
"tt9135740",205
"tt9648942",205
"tt2455388",205
"tt17497250",205
"tt2156404",205
"tt33701992",205
"tt31109457",205
"tt5882398",205
"tt3093844",205
"tt37150775",205
"tt36553769",205
"tt27246087",205
"tt14399128",205
"tt11640412",205
"tt7329748",205
"tt10795930",205
"tt33399867",205
"tt32546802",205
"tt21256000",205
"tt10656212",205
"tt14403244",205
"tt5065314",205
"tt10290062",205
"tt1725957",205
"tt11470064",205
"tt8250786",205
"tt2323649",205
"tt20118266",205
"tt17221000",205
"tt19808286",205
"tt36984392",205
"tt7158514",205
"tt15741372",205
"tt38721745",205
"tt2549996",205
"tt7941934",205
"tt2323653",205
"tt8065772",205
"tt10656230",205
"tt31851707",205
"tt26687781",205
"tt4580370",205
"tt11469660",205
"tt13932538",205
"tt12868184",205
"tt15850384",205
"tt28363725",205
"tt8077382",205
"tt5057126",205
"tt31070645",205
"tt3524530",205
"tt10544980",205
"tt8297042",205
"tt19366946",205
"tt2062590",205
"tt2902558",205
"tt7547768",205
"tt20224768",205
"tt10656222",205
"tt8669070",205
"tt6780886",205
"tt10681664",206
"tt5199156",206
"tt10840160",207
"tt10795930",208
"tt33512869",209
"tt5734266",210
"tt2549996",211
"tt2072940",212
"tt4818844",212
"tt31109483",213
"tt32424407",213
"tt10485396",213
"tt7555334",214
"tt1369694",215
"tt2773610",215
"tt13464986",216
"tt1236966",216
"tt28600736",217
"tt33244849",217
"tt31032534",217
"tt28867594",218
"tt2316498",219
"tt36459622",220
"tt34504216",221
"tt8065816",222
"tt7215548",223
"tt8900302",223
"tt15215918",223
"tt10428354",223
"tt13834788",223
"tt13353184",223
"tt7407168",223
"tt11187956",223
"tt25875858",223
"tt4186170",223
"tt2549996",223
"tt8065816",223
"tt31250216",223
"tt14715098",224
"tt1856712",224
"tt11710112",225
"tt15528292",225
"tt10776270",225
"tt28349451",225
"tt30295755",226
"tt15092716",227
"tt34375730",228
"tt11786202",229
"tt2511532",229
"tt2451346",230
"tt9506820",231
"tt23711548",232
"tt1286647",233
"tt1462438",234
"tt1693734",235
"tt28521744",236
"tt36926222",237
"tt36553769",238
"tt21256000",238
"tt8894180",239
"tt8900302",239
"tt9695156",239
"tt1445099",240
"tt19864700",241
"tt33244849",241
"tt10651398",242
"tt8181502",243
"tt3212916",243
"tt9435162",244
"tt28307306",245
"tt10457580",245
"tt1447791",246
"tt9695156",247
"tt1447791",248
"tt10428354",249
"tt30742760",250
"tt1308944",251
"tt1754163",251
"tt2285649",252
"tt1445097",253
"tt10726756",254
"tt14288636",255
"tt30743567",255
"tt25967812",255
"tt33047059",255
"tt31549532",256
"tt37021158",256
"tt20881616",256
"tt31601350",256
"tt4653526",257
"tt8983042",257
"tt6483040",258
"tt8890582",259
"tt6409782",259
"tt7981492",259
"tt6506146",259
"tt11853944",259
"tt28023328",259
"tt31592660",259
"tt2455470",259
"tt32495411",259
"tt6011480",259
"tt33047058",259
"tt3692324",259
"tt27329136",259
"tt10340748",259
"tt2971388",259
"tt20224156",259
"tt37038968",259
"tt4451550",259
"tt35783940",259
"tt5640576",259
"tt4005598",259
"tt37501704",259
"tt11187956",260
"tt8856944",260
"tt1347052",261
"tt28600736",262
"tt2668950",263
"tt7885874",264
"tt13353184",264
"tt18436986",264
"tt27906470",264
"tt35484031",264
"tt21154728",264
"tt10044934",264
"tt11187956",264
"tt11912692",264
"tt9442920",264
"tt11841144",264
"tt34869604",264
"tt10773114",265
"tt19877146",266
"tt14954636",266
"tt15712278",266
"tt19367194",266
"tt26489336",266
"tt30091694",266
"tt13642366",266
"tt19367094",266
"tt29038265",266
"tt8842380",267
"tt12217814",268
"tt14949656",268
"tt36217095",268
"tt2085865",268
"tt9053858",268
"tt1537898",268
"tt6503672",268
"tt1190149",268
"tt1619803",268
"tt2773610",268
"tt7624578",268
"tt23857646",268
"tt1236890",268
"tt7946644",269
"tt11786202",270
"tt23035666",270
"tt34883346",270
"tt29632632",271
"tt1479268",272
"tt1507341",272
"tt1693734",273
"tt34548722",274
"tt14728292",274
"tt28856462",274
"tt16266336",274
"tt32351597",274
"tt34761368",274
"tt30476511",274
"tt26903085",274
"tt31547884",274
"tt35668447",274
"tt29516834",275
"tt15000966",275
"tt1930424",276
"tt14728292",276
"tt1445188",276
"tt1620421",276
"tt18948502",276
"tt1369664",277
"tt1190114",277
"tt1238753",277
"tt1385919",277
"tt1286545",277
"tt1404083",277
"tt1236998",277
"tt1984199",278
"tt1754163",278
"tt2251772",279
"tt5605508",280
"tt27490380",281
"tt12842808",282
"tt36120751",283
"tt1431001",284
"tt7268778",285
"tt14949656",286
"tt11853484",287
"tt6917210",288
"tt6116856",289
"tt6917210",289
"tt5147214",289
"tt13550666",289
"tt1304591",289
"tt20873498",290
"tt33513545",291
"tt15770552",292
"tt1555894",292
"tt1369718",292
"tt6478692",292
"tt2112285",293
"tt1190144",293
"tt10044934",294
"tt9906128",295
"tt5087632",296
"tt5547924",296
"tt8669100",297
"tt10056322",297
"tt11799800",297
"tt4469842",298
"tt1190132",299
"tt10011002",300
"tt6503672",301
"tt1619803",301
"tt2773610",301
"tt1236890",301
"tt1537898",301
"tt15059274",302
"tt9033440",303
"tt9000302",304
"tt12993456",304
"tt13484872",305
"tt32351597",305
"tt26903085",305
"tt34761368",305
"tt31547884",305
"tt28856462",305
"tt13393058",305
"tt13550666",305
"tt30476511",305
"tt13580706",305
"tt4818844",306
"tt26696534",307
"tt23135750",307
"tt35484031",308
"tt6522380",309
"tt10066526",310
"tt39227113",311
"tt9906128",311
"tt2221819",312
"tt2959952",313
"tt33513545",314
"tt28800887",315
"tt6467500",315
"tt32524692",316
"tt30644316",317
"tt9590254",318
"tt1556159",319
"tt2285629",319
"tt1693865",319
"tt1726076",319
"tt1301233",319
"tt1369677",319
"tt1308990",319
"tt1859566",319
"tt1431043",319
"tt3032312",319
"tt1631699",319
"tt2668934",319
"tt1394246",319
"tt1979305",319
"tt2285387",319
"tt2316418",319
"tt2156422",319
"tt1479288",319
"tt1748182",319
"tt1590984",319
"tt1930318",319
"tt37021158",320
"tt13968406",321
"tt15484488",322
"tt2147199",322
"tt1304591",322
"tt2285547",322
"tt1754163",322
"tt8181502",322
"tt6135096",323
"tt13499146",324
"tt26347570",325
"tt22530172",326
"tt5923026",326
"tt13729220",326
"tt6503596",326
"tt21372280",326
"tt15433116",326
"tt5931390",326
"tt6574480",326
"tt9146130",326
"tt10564390",327
"tt1693693",327
"tt1631829",327
"tt1748161",327
"tt1774477",327
"tt1537878",327
"tt8669070",328
"tt11469660",328
"tt10290062",328
"tt1748193",328
"tt37534343",329
"tt29560417",329
"tt34545762",329
"tt2085865",329
"tt13886688",329
"tt5936978",329
"tt1556029",329
"tt2692476",329
"tt26505553",329
"tt7885874",330
"tt10066526",330
"tt9543488",330
"tt16266336",331
"tt34545762",331
"tt14892248",331
"tt21372280",332
"tt14773940",332
"tt29495329",332
"tt5821664",332
"tt29495329",333
"tt2773732",334
"tt2022340",334
"tt36239566",335
"tt26923485",335
"tt18372304",336
"tt31382021",337
"tt38221401",338
"tt31109262",338
"tt12497872",339
"tt2172015",340
"tt3212916",340
"tt1542452",340
"tt35052078",341
"tt34618662",342
"tt14056486",343
"tt16403870",343
"tt18884826",343
"tt18163750",343
"tt16970892",343
"tt14937820",343
"tt16970854",343
"tt21146830",343
"tt15416924",343
"tt20224208",343
"tt15282170",343
"tt34545978",343
"tt14938014",343
"tt18971964",343
"tt18884798",343
"tt16970948",343
"tt15276480",343
"tt14632036",343
"tt23060722",343
"tt15416816",343
"tt21272520",343
"tt14056442",343
"tt18163648",343
"tt21111594",343
"tt15309492",343
"tt23050762",343
"tt14937912",343
"tt21147038",343
"tt33399867",343
"tt25874946",343
"tt9215272",344
"tt2902646",344
"tt1314246",345
"tt4235342",346
"tt22530172",346
"tt3032254",346
"tt2190357",346
"tt1984199",346
"tt28632197",347
"tt31250833",348
"tt12497872",349
"tt2668950",350
"tt11926672",351
"tt2316498",352
"tt37692651",353
"tt27972593",354
"tt11271990",355
"tt15169898",356
"tt1556029",357
"tt12242980",358
"tt23773712",359
"tt28643143",360
"tt9718574",361
"tt28549038",361
"tt27011486",362
"tt36257627",363
"tt9094846",363
"tt10994712",363
"tt7076668",363
"tt8237172",363
"tt8765496",363
"tt31592660",363
"tt39018552",363
"tt32881480",363
"tt33240625",363
"tt33047057",363
"tt10776270",363
"tt5891136",363
"tt27004148",363
"tt39028066",363
"tt4291436",363
"tt38221401",363
"tt31495280",363
"tt8914698",363
"tt14773940",363
"tt34606028",363
"tt27490380",363
"tt8747102",363
"tt9420624",363
"tt33183823",363
"tt38839304",363
"tt35486475",363
"tt32433566",363
"tt8512372",363
"tt32495411",363
"tt28023328",363
"tt30833435",363
"tt37317285",363
"tt33047058",363
"tt5882416",363
"tt6426714",363
"tt34757117",363
"tt30833436",363
"tt29560417",363
"tt27641085",363
"tt30279496",363
"tt36257250",363
"tt10975730",363
"tt26923485",363
"tt27329136",363
"tt5687416",363
"tt32642725",363
"tt24049304",363
"tt24546804",363
"tt33983022",363
"tt33771507",363
"tt30319570",363
"tt31079741",363
"tt37885974",363
"tt7572744",363
"tt10300710",363
"tt37038968",363
"tt31807196",363
"tt5811242",363
"tt37970255",363
"tt34185010",363
"tt11710112",363
"tt35486465",363
"tt32377620",363
"tt36820598",363
"tt36553680",363
"tt11657044",363
"tt35514142",363
"tt34424283",363
"tt34869604",363
"tt28376705",363
"tt23472308",363
"tt35783940",363
"tt12593454",363
"tt30833434",363
"tt37501704",363
"tt10530462",364
"tt11198924",365
"tt36257627",366
"tt27519902",366
"tt31079741",366
"tt36257250",366
"tt32642725",366
"tt27524980",367
"tt1288645",368
"tt6730970",368
"tt3694000",368
"tt32740308",368
"tt11289634",368
"tt34960278",369
"tt14697622",370
"tt1210061",370
"tt5821664",371
"tt2333218",371
"tt18884826",372
"tt18884798",372
"tt15309492",372
"tt33399867",373
"tt31382101",374
"tt10640338",375
"tt5742836",375
"tt9621286",375
"tt14534286",375
"tt7974204",375
"tt18815600",375
"tt27972593",376
"tt1245731",377
"tt4911656",378
"tt6786150",379
"tt2912348",379
"tt6467114",379
"tt8492176",379
"tt10840160",379
"tt7244754",379
"tt1356851",380
"tt8983042",381
"tt27958078",382
"tt36820598",382
"tt30877614",382
"tt34185010",382
"tt16298806",382
"tt2285579",383
"tt25275526",384
"tt1657339",385
"tt18436986",385
"tt32433566",385
"tt1445099",385
"tt31070670",385
"tt2912310",385
"tt5917494",385
"tt28151906",385
"tt11841144",385
"tt10329546",385
"tt1979169",386
"tt6093868",386
"tt15839124",387
"tt18556496",387
"tt37578527",387
"tt14579998",388
"tt10640710",389
"tt27246087",390
"tt10656212",390
"tt35111036",391
"tt33022038",391
"tt38454776",391
"tt5863772",392
"tt1555894",393
"tt1369718",393
"tt32881480",394
"tt37317285",394
"tt37970255",394
"tt1612768",395
"tt1438496",395
"tt1945106",395
"tt5581630",396
"tt27524980",397
"tt30833435",398
"tt33047058",398
"tt32495411",398
"tt35486475",398
"tt31592660",398
"tt37038968",398
"tt35783940",398
"tt37501704",398
"tt35486465",398
"tt31382021",398
"tt10495074",399
"tt10173670",400
"tt4469842",401
"tt10795930",401
"tt8798274",401
"tt4580370",401
"tt8669070",401
"tt8077382",402
"tt27118356",402
"tt14892248",402
"tt9789266",402
"tt11853706",402
"tt7527716",403
"tt11929078",404
"tt11127878",405
"tt27950276",405
"tt5587488",405
"tt11644516",405
"tt2343076",405
"tt7501144",405
"tt7843946",405
"tt32569446",405
"tt9648942",405
"tt11886132",405
"tt29920975",405
"tt14715098",405
"tt2343238",405
"tt9373796",405
"tt6096424",405
"tt8880844",405
"tt11428788",405
"tt4522640",405
"tt10580566",405
"tt4373670",405
"tt2902624",405
"tt11644484",405
"tt6209474",405
"tt3032050",405
"tt10998004",405
"tt11799834",405
"tt6907856",405
"tt7803936",405
"tt9490972",405
"tt11307426",405
"tt16246920",405
"tt31418314",405
"tt2773628",405
"tt9789266",405
"tt9546080",405
"tt2187550",405
"tt5195842",405
"tt8077382",405
"tt9558490",405
"tt10357406",405
"tt2668958",405
"tt2316564",405
"tt23557502",405
"tt5674378",405
"tt1631840",406
"tt18938680",406
"tt6096424",406
"tt11753890",406
"tt1748101",406
"tt4373670",406
"tt1791519",406
"tt7843946",406
"tt28080971",406
"tt1286654",406
"tt5195842",406
"tt11799764",406
"tt1507326",406
"tt9648942",406
"tt2187550",406
"tt1593639",406
"tt1877669",406
"tt1979354",406
"tt11644484",406
"tt9558490",406
"tt23136152",406
"tt1308965",406
"tt9546080",406
"tt11644516",406
"tt1653884",406
"tt2323629",406
"tt11127878",406
"tt1693040",406
"tt37595841",406
"tt5674378",406
"tt9033416",406
"tt1555895",406
"tt1462596",406
"tt2902624",406
"tt1233588",406
"tt1369678",406
"tt1356839",406
"tt36589006",406
"tt4522640",406
"tt1229807",406
"tt38286206",406
"tt1269391",406
"tt1431156",406
"tt7599864",406
"tt1979353",406
"tt28296772",406
"tt2773628",406
"tt2022507",406
"tt10357406",406
"tt2343076",406
"tt1243228",406
"tt15725158",407
"tt27449521",407
"tt28080971",408
"tt14716556",408
"tt10651304",408
"tt38286206",408
"tt35061784",408
"tt28761983",408
"tt1190120",409
"tt13465228",410
"tt5946936",411
"tt13346994",411
"tt5874502",411
"tt10932060",411
"tt9165634",412
"tt28088336",412
"tt13369452",412
"tt33348138",412
"tt35622079",412
"tt28763074",412
"tt11432888",412
"tt26751365",412
"tt2589132",412
"tt11799784",412
"tt7127652",412
"tt5874502",412
"tt23136186",412
"tt11448138",412
"tt21146854",412
"tt33349807",412
"tt11013610",412
"tt18291774",412
"tt27860430",412
"tt8960204",412
"tt32752746",412
"tt6496236",412
"tt11799790",412
"tt8463722",412
"tt31107212",412
"tt29243069",412
"tt7485004",412
"tt1198186",412
"tt37149801",412
"tt8359898",412
"tt1394258",412
"tt7088210",412
"tt22771994",412
"tt14534402",412
"tt13150254",412
"tt1227560",412
"tt1657425",412
"tt26740948",412
"tt33513545",412
"tt13938818",412
"tt10930558",412
"tt5129312",412
"tt5104080",412
"tt7336274",412
"tt10015812",412
"tt31434122",412
"tt14793910",412
"tt5946936",412
"tt1190115",412
"tt6437250",412
"tt12351994",412
"tt10551450",412
"tt8994170",412
"tt7974204",412
"tt27446773",412
"tt11886096",412
"tt2022376",412
"tt1593726",412
"tt34984721",412
"tt13920712",412
"tt7981182",412
"tt10932060",412
"tt10816420",412
"tt28454007",412
"tt30876746",412
"tt21308010",412
"tt13612010",412
"tt11646346",412
"tt13540506",412
"tt10324148",412
"tt13465228",412
"tt1479339",412
"tt13324734",412
"tt19844972",412
"tt8517194",412
"tt1301248",412
"tt25150038",412
"tt10698468",412
"tt27554460",412
"tt33349813",412
"tt11646320",412
"tt1213862",412
"tt2156410",412
"tt11646334",412
"tt31031881",412
"tt1261925",412
"tt32237535",412
"tt15682780",412
"tt8520966",412
"tt8852302",412
"tt32216004",412
"tt7094790",412
"tt33349822",412
"tt15353362",412
"tt8512642",412
"tt4848404",412
"tt8698560",412
"tt7095260",412
"tt12881834",412
"tt9454070",412
"tt1241201",412
"tt1593753",412
"tt10178972",412
"tt5459826",412
"tt23807292",412
"tt15711508",412
"tt1286498",412
"tt13346994",412
"tt11708788",412
"tt18691722",412
"tt1304591",413
"tt1356801",414
"tt9476372",415
"tt10773014",415
"tt31145648",416
"tt10394822",417
"tt2455428",418
"tt1447791",419
"tt38034889",420
"tt1930391",421
"tt35061784",422
"tt16306374",422
"tt27532058",422
"tt21146830",423
"tt32569446",423
"tt18972098",423
"tt16970948",423
"tt14631978",423
"tt16970892",423
"tt32524692",424
"tt5886082",425
"tt5920318",426
"tt33479839",427
"tt4235342",428
"tt1576459",428
"tt5935682",428
"tt13370162",428
"tt1301264",428
"tt1431056",428
"tt8233368",428
"tt10656240",428
"tt5687416",428
"tt13429004",428
"tt4597234",428
"tt8066076",428
"tt2513342",428
"tt10043746",428
"tt32477473",428
"tt1479391",429
"tt1286633",429
"tt1693908",429
"tt10478036",430
"tt1445097",431
"tt7521804",432
"tt2062472",433
"tt1431138",433
"tt2022321",433
"tt1657318",433
"tt11738452",433
"tt1537886",433
"tt2455408",433
"tt2112177",433
"tt2316410",433
"tt1256512",433
"tt11655942",433
"tt1414514",433
"tt2285419",433
"tt12949990",433
"tt1817736",433
"tt2773536",433
"tt2316550",433
"tt1718842",433
"tt1445090",433
"tt11663928",433
"tt1369674",433
"tt1293627",433
"tt1356808",433
"tt1369688",433
"tt29920975",434
"tt33244849",434
"tt19072936",435
"tt1445022",435
"tt1301264",435
"tt2343134",435
"tt2323653",435
"tt2902612",435
"tt1692957",435
"tt11799834",435
"tt1576459",435
"tt29920975",435
"tt1555923",435
"tt2187548",435
"tt1791573",436
"tt1620584",436
"tt1414514",436
"tt1356801",437
"tt10645298",438
"tt11343692",439
"tt23857630",439
"tt10645276",439
"tt7549874",440
"tt10645276",440
"tt29899715",440
"tt6684436",440
"tt4277296",440
"tt10640384",440
"tt9033494",440
"tt11997088",440
"tt7746238",440
"tt15712278",440
"tt11554776",440
"tt5732630",440
"tt1369642",440
"tt10816448",440
"tt9033440",440
"tt1414494",440
"tt20916566",440
"tt5774688",440
"tt23857630",440
"tt11343692",440
"tt19877146",440
"tt10640766",440
"tt11644582",440
"tt10633542",440
"tt10468374",440
"tt10521192",440
"tt8798274",440
"tt7526164",440
"tt16311830",440
"tt5306164",440
"tt6570798",440
"tt9511256",440
"tt6456734",440
"tt8517236",440
"tt1791542",441
"tt1507265",442
"tt8836476",443
"tt11828456",444
"tt9359204",444
"tt3032050",445
"tt2343238",445
"tt2316564",445
"tt2668958",445
"tt8798274",446
"tt21116308",446
"tt22507774",446
"tt28109986",446
"tt1748088",446
"tt22507760",446
"tt32643830",447
"tt2451346",448
"tt28000455",449
"tt9048030",450
"tt22986206",451
"tt4713884",452
"tt2943352",453
"tt8661494",453
"tt8955234",454
"tt9024646",455
"tt26507543",455
"tt11888880",456
"tt2285637",457
"tt2354069",457
"tt2156366",457
"tt3956272",457
"tt5164606",458
"tt11936782",459
"tt11799742",459
"tt29545351",459
"tt8512746",459
"tt5199156",459
"tt11668994",459
"tt1774561",459
"tt33051946",459
"tt6327522",459
"tt11075364",459
"tt7277350",459
"tt1206534",459
"tt1190127",459
"tt6327432",459
"tt1859466",459
"tt1657422",459
"tt1190124",459
"tt8793606",459
"tt24015932",459
"tt10276328",459
"tt27680383",459
"tt10643906",459
"tt33982997",459
"tt7142620",459
"tt1356806",459
"tt10681664",459
"tt1537862",459
"tt18750866",459
"tt21146854",459
"tt29795485",459
"tt2156366",459
"tt33054457",459
"tt6346314",459
"tt1385921",459
"tt3069954",459
"tt31474662",459
"tt1301288",459
"tt22029804",459
"tt3000462",459
"tt9530954",459
"tt29795484",459
"tt1686786",459
"tt15763878",459
"tt1748192",459
"tt4848740",459
"tt1462603",459
"tt1318896",459
"tt27799267",459
"tt2022362",459
"tt11067190",459
"tt2205554",459
"tt9824016",459
"tt34883346",459
"tt33479841",459
"tt31502769",459
"tt1631841",459
"tt21848644",459
"tt1431086",459
"tt36239566",459
"tt10613796",459
"tt5946974",459
"tt2156384",459
"tt8060326",459
"tt11738424",460
"tt21249546",461
"tt9900552",461
"tt31032022",461
"tt6467500",461
"tt39018552",462
"tt33983022",462
"tt1190099",463
"tt1930391",464
"tt18372304",465
"tt27823026",466
"tt28632197",467
"tt21154728",468
"tt6574480",469
"tt30476508",470
"tt7161990",471
"tt1444994",472
"tt10687474",473
"tt27906470",474
"tt35052078",474
"tt23557502",474
"tt3403944",475
"tt1774281",476
"tt1555940",476
"tt10556402",477
"tt10133780",477
"tt14534286",477
"tt11013850",477
"tt7596856",478
"tt21147038",479
"tt9231140",480
"tt1293609",480
"tt3680174",480
"tt9198814",480
"tt1285114",481
"tt1555954",482
"tt33311826",483
"tt37502132",483
"tt5581630",484
"tt13387422",485
"tt11271990",485
"tt30279496",485
"tt8894180",485
"tt7541708",485
"tt27004149",485
"tt21986198",485
"tt2073058",486
"tt9025318",487
"tt6966554",488
"tt6870932",488
"tt13499146",489
"tt35484031",490
"tt34749630",490
"tt27906470",490
"tt37579625",490
"tt13353184",490
"tt11912692",490
"tt21154728",490
"tt11841144",490
"tt34869604",490
"tt2285647",491
"tt5821664",492
"tt11450018",493
"tt37541599",493
"tt33355143",493
"tt13968406",494
"tt31032534",495
"tt24224080",496
"tt2285635",497
"tt37897085",498
"tt24225960",498
"tt37846979",499
"tt9916538",500
"tt13387422",501
"tt11271990",501
"tt7541708",501
"tt7981182",502
"tt28088336",502
"tt11013610",502
"tt9547812",502
"tt28763074",502
"tt9828814",502
"tt32752746",502
"tt32633892",502
"tt11448138",502
"tt8960204",502
"tt34984721",502
"tt8463722",502
"tt13369452",502
"tt22771994",502
"tt10015812",502
"tt10698468",502
"tt6496236",502
"tt7336274",502
"tt9372808",502
"tt20873488",502
"tt28454007",502
"tt9420576",502
"tt37541599",502
"tt8852302",502
"tt31434122",502
"tt33355143",502
"tt1679238",503
"tt34504216",503
"tt2455428",503
"tt4713884",503
"tt9231140",504
"tt5606148",504
"tt4966450",504
"tt11888880",505
"tt29516834",505
"tt15000966",505
"tt20765982",506
"tt29363307",507
"tt34791064",507
"tt28549038",507
"tt27657496",507
"tt17887826",507
"tt1286647",508
"tt28632197",509
"tt37659097",510
"tt37149778",510
"tt2455354",511
"tt31032534",512
"tt10870258",513
"tt10640174",514
"tt29899715",515
"tt10613684",516
"tt9359204",516
"tt9307666",517
"tt10039468",517
"tt5863772",518
"tt27882824",518
"tt30400709",518
"tt32642725",518
"tt33022038",518
"tt35061784",518
"tt16306374",518
"tt31079741",518
"tt8842380",518
"tt18293874",518
"tt27812061",518
"tt38671739",518
"tt27449345",518
"tt27532058",518
"tt32424407",518
"tt10485396",518
"tt9916538",519
"tt23135750",519
"tt1479266",520
"tt34973251",521
"tt14914930",521
"tt32441030",522
"tt21619378",523
"tt22507760",523
"tt1593651",524
"tt14908682",525
"tt1507373",526
"tt9547812",527
"tt28857853",527
"tt28000455",527
"tt29516834",527
"tt24655170",527
"tt27657534",527
"tt11799790",527
"tt6880058",527
"tt13920712",527
"tt14937912",527
"tt10681664",527
"tt31107212",527
"tt8512642",527
"tt11067190",527
"tt33022038",527
"tt15711508",527
"tt15353362",527
"tt38671739",527
"tt10324148",527
"tt30876746",527
"tt14937820",527
"tt21848644",527
"tt11853706",527
"tt14938014",527
"tt28454007",527
"tt13612010",527
"tt15276480",527
"tt8698560",527
"tt1542452",528
"tt27694297",529
"tt3777096",529
"tt3793526",529
"tt1899353",530
"tt2265171",530
"tt1368116",530
"tt8983042",531
"tt21862890",531
"tt9506820",532
"tt2285635",532
"tt20673668",532
"tt3239660",532
"tt28468241",532
"tt1979162",533
"tt1885198",534
"tt13150634",535
"tt10092860",535
"tt9476372",535
"tt11768034",535
"tt18291774",535
"tt10521234",535
"tt31495280",535
"tt8690956",535
"tt6880058",535
"tt9311308",535
"tt10262522",535
"tt8669090",535
"tt11669118",535
"tt14998596",535
"tt10200522",535
"tt11936366",535
"tt9060948",535
"tt9033134",535
"tt10768346",535
"tt15556636",536
"tt24224080",536
"tt31250833",536
"tt6135094",537
"tt2323629",538
"tt2912316",539
"tt9307666",540
"tt11754464",541
"tt10656188",541
"tt16915972",541
"tt1318926",541
"tt7076834",541
"tt11656988",541
"tt27004148",541
"tt27641085",541
"tt7088006",541
"tt28151906",541
"tt10776270",541
"tt10488782",541
"tt1414456",541
"tt2112178",541
"tt9537064",541
"tt36553680",541
"tt5787348",541
"tt3652924",541
"tt1252526",541
"tt33047057",541
"tt23857646",541
"tt1462485",541
"tt18436986",541
"tt1791574",541
"tt32433566",541
"tt25872924",541
"tt11710112",541
"tt12820822",541
"tt8310710",541
"tt2221713",541
"tt5785990",541
"tt17634494",541
"tt1229786",541
"tt6357492",541
"tt8802088",541
"tt1817669",541
"tt2285389",541
"tt6903148",541
"tt3108402",541
"tt36984240",541
"tt1190088",541
"tt27055326",541
"tt3032240",541
"tt2251770",541
"tt30319570",541
"tt3777096",541
"tt1748168",541
"tt9015650",541
"tt1693035",541
"tt38839304",541
"tt37885974",541
"tt1576373",541
"tt1385926",541
"tt31807196",541
"tt36217095",541
"tt12747222",541
"tt21600496",541
"tt4705682",541
"tt35682998",541
"tt2455404",541
"tt34757117",541
"tt1656783",541
"tt1631739",541
"tt1930443",541
"tt1537896",541
"tt9121650",541
"tt2187538",541
"tt1979259",541
"tt2285595",541
"tt10356932",541
"tt35703227",542
"tt34545978",542
"tt3777096",543
"tt2902646",544
"tt20765982",545
"tt31250833",546
"tt34375730",547
"tt33240854",548
"tt10645298",549
"tt13729220",550
"tt22530172",550
"tt31382021",550
"tt24517860",551
"tt33092411",551
"tt27526182",551
"tt33512869",551
"tt15788948",551
"tt1293629",552
"tt9253760",553
"tt4379024",553
"tt4379102",553
"tt3903990",553
"tt6177350",553
"tt4895572",553
"tt10521234",554
"tt9766528",555
"tt31145807",556
"tt5118126",557
"tt22394362",558
"tt35692592",559
"tt35682998",559
"tt36984240",559
"tt3239582",560
"tt23557502",561
"tt9033440",562
"tt27462965",563
"tt38286206",564
"tt13886688",565
"tt9789266",566
"tt28600736",567
"tt7752880",568
"tt5264964",569
"tt18971964",570
"tt2902558",570
"tt6780886",570
"tt2323649",570
"tt1725957",570
"tt8842380",571
"tt10870258",572
"tt15000966",573
"tt30400709",573
"tt32424407",573
"tt25275526",573
"tt2205482",574
"tt6135096",575
"tt37578527",576
"tt27882824",577
"tt10495074",578
"tt1989598",579
"tt6870932",580
"tt30489977",581
"tt37149778",581
"tt1930467",582
"tt8658278",583
"tt5305352",583
"tt6333264",583
"tt10108256",583
"tt10090058",584
"tt1431086",585
"tt1445022",586
"tt1987569",586
"tt1984199",586
"tt10556402",587
"tt10651398",588
"tt11886096",589
"tt15258248",589
"tt22029884",589
"tt14534402",589
"tt10994712",590
"tt10975730",590
"tt8237172",591
"tt10656188",591
"tt12217814",591
"tt10300710",591
"tt23857646",591
"tt27055326",591
"tt6486164",591
"tt36217095",591
"tt11644218",591
"tt7076668",591
"tt7521804",591
"tt11644304",591
"tt7572744",591
"tt9420624",591
"tt11657044",591
"tt12747222",591
"tt36553680",591
"tt8747102",591
"tt9581978",591
"tt11644348",591
"tt6116856",592
"tt5147214",592
"tt5882416",593
"tt8914698",593
"tt9094846",593
"tt6486164",593
"tt5891136",594
"tt1507265",595
"tt1507265",596
"tt6433492",597
"tt2062618",598
"tt1495719",598
"tt2902708",598
"tt1791618",598
"tt2323657",598
"tt1930486",598
"tt2221745",599
"tt1877560",599
"tt2455440",600
"tt30295755",601
"tt1934427",602
"tt2285579",602
"tt27744001",602
"tt23711186",603
"tt30644316",603
"tt31262452",604
"tt8474974",605
"tt27687483",605
"tt10613838",606
"tt5923026",607
"tt18291774",608
"tt31495280",608
"tt20454864",608
"tt30279496",609
"tt27524980",610
"tt14288636",610
"tt10133780",611
"tt19638356",612
"tt7624534",613
"tt10613838",613
"tt12351994",614
"tt24546804",614
"tt35486465",614
"tt35486475",614
"tt31070670",614
"tt30833435",614
"tt30833436",614
"tt30833434",614
"tt18080778",615
"tt37330944",615
"tt35936906",615
"tt2112285",616
"tt1817692",616
"tt1495817",616
"tt1305850",616
"tt1445050",616
"tt1431056",616
"tt3027130",616
"tt1507309",616
"tt1404076",616
"tt1356800",616
"tt36589006",617
"tt28623567",617
"tt27449521",617
"tt23136152",617
"tt1718798",618
"tt10994712",619
"tt10975730",619
"tt14176796",619
"tt31709812",620
"tt33479840",620
"tt14176796",620
"tt16915972",621
"tt25872924",621
"tt35682998",621
"tt8765496",622
"tt27641085",622
"tt31807196",622
"tt33047057",622
"tt36984240",622
"tt38839304",622
"tt30319570",622
"tt5305352",623
"tt1930501",624
"tt2112276",624
"tt1591001",624
"tt11240996",624
"tt7521752",624
"tt10656188",625
"tt21600496",625
"tt8512372",625
"tt10256818",626
"tt37885974",627
"tt36257250",627
"tt34548722",628
"tt1930467",629
"tt1555923",629
"tt25275526",630
"tt3793526",631
"tt35668683",631
"tt37894901",632
"tt2265171",633
"tt6527838",634
"tt8512320",634
"tt33047499",634
"tt10645308",634
"tt27411059",634
"tt2713324",634
"tt9044128",634
"tt4231466",634
"tt10157842",634
"tt30817467",634
"tt9558276",634
"tt7946644",634
"tt5169582",634
"tt2455470",634
"tt1301247",634
"tt3096088",634
"tt38734007",635
"tt37692651",635
"tt9125746",636
"tt15763826",636
"tt9756082",636
"tt27433995",637
"tt2902576",638
"tt1631681",639
"tt9033416",640
"tt5693776",641
"tt1899353",642
"tt2265171",642
"tt13464986",643
"tt21372280",644
"tt18948502",645
"tt32237658",645
"tt13834788",645
"tt37502132",645
"tt1495818",645
"tt10495746",645
"tt11900398",645
"tt9121144",645
"tt8517144",645
"tt11646118",645
"tt10092770",645
"tt14728292",645
"tt21116308",645
"tt8024712",645
"tt10280220",645
"tt4818844",645
"tt21619276",645
"tt18748928",645
"tt31250216",645
"tt1930424",645
"tt13606090",645
"tt1590941",645
"tt9091638",645
"tt1576486",645
"tt29560417",645
"tt34606028",645
"tt11646170",645
"tt5799566",645
"tt11470064",645
"tt6330072",645
"tt16673330",645
"tt33311826",645
"tt10932100",645
"tt1860276",645
"tt11749980",645
"tt10698426",645
"tt14403244",645
"tt1445044",645
"tt30782539",645
"tt32377620",645
"tt11313944",645
"tt1774395",645
"tt22507774",645
"tt13958028",645
"tt21047870",645
"tt1445188",645
"tt27246087",645
"tt22507760",645
"tt1930549",645
"tt31709812",645
"tt9557810",645
"tt8386446",645
"tt8233368",645
"tt36461739",645
"tt2285531",645
"tt7777974",645
"tt28867594",645
"tt6380556",645
"tt1620421",645
"tt1394272",645
"tt1369695",645
"tt2773566",645
"tt9818102",645
"tt9033464",645
"tt6366854",645
"tt1693041",645
"tt2112157",645
"tt11738520",645
"tt37249788",645
"tt5725036",645
"tt2022508",645
"tt10656212",645
"tt8060288",645
"tt1537773",645
"tt2773768",645
"tt7143686",645
"tt14827444",645
"tt1462654",645
"tt2668926",645
"tt2205448",645
"tt6426714",645
"tt33512889",645
"tt1817710",645
"tt27614009",645
"tt2285477",645
"tt1244859",645
"tt8566988",645
"tt6908176",645
"tt38607528",645
"tt28005338",645
"tt3712504",645
"tt1190108",645
"tt6481326",645
"tt28109986",645
"tt21619378",645
"tt3239558",645
"tt7555334",645
"tt15433116",645
"tt2187564",645
"tt8483452",645
"tt7624534",645
"tt10631062",645
"tt1631810",645
"tt7013254",645
"tt11646308",645
"tt12741494",645
"tt13409590",645
"tt34662438",645
"tt37534343",645
"tt10768466",645
"tt5658714",645
"tt6444398",645
"tt11646086",645
"tt12224378",645
"tt6120690",645
"tt31158599",645
"tt2251820",645
"tt11936544",645
"tt34188079",645
"tt1286505",645
"tt35692592",645
"tt2455368",645
"tt6486134",645
"tt33079321",645
"tt2062681",645
"tt16288970",645
"tt4472678",645
"tt1356825",645
"tt1748088",645
"tt8249858",645
"tt14008552",645
"tt27799266",645
"tt11107872",645
"tt1237006",645
"tt2187572",645
"tt1301238",645
"tt3032040",645
"tt10495934",645
"tt28623571",645
"tt4388222",645
"tt10230316",646
"tt8065796",646
"tt2943352",647
"tt12993456",648
"tt2225946",649
"tt23135750",650
"tt1236958",651
"tt2668952",652
"tt2773822",652
"tt2251780",652
"tt28699298",653
"tt9506820",654
"tt1356835",655
"tt25874946",656
"tt9307666",656
"tt23060722",656
"tt20765982",656
"tt10640174",656
"tt9253760",657
"tt6870932",657
"tt21100454",658
"tt29362059",658
"tt35049002",658
"tt22394362",659
"tt38034889",660
"tt32546875",661
"tt32477473",661
"tt26099504",662
"tt10655922",662
"tt9215272",663
"tt28761983",664
"tt2455330",665
"tt13370162",666
"tt9916538",667
"tt16220298",667
"tt3032292",668
"tt31022272",669
"tt9209468",670
"tt8070332",670
"tt6433492",670
"tt10375952",671
"tt3556500",672
"tt28376705",673
"tt27687483",673
"tt12593454",673
"tt10958264",674
"tt10997908",675
"tt1631681",676
"tt11710090",677
"tt27446773",678
"tt33982997",678
"tt10726756",679
"tt9231140",680
"tt13092762",680
"tt29899715",681
"tt26505553",681
"tt35514142",681
"tt31024893",682
"tt10645298",683
"tt27882824",684
"tt18293874",684
"tt6029714",685
"tt34973251",686
"tt15215918",687
"tt1495793",688
"tt36820598",689
"tt33479840",690
"tt10643938",691
"tt11835236",691
"tt10589924",691
"tt7215548",692
"tt6493080",692
"tt6346314",692
"tt32477473",693
"tt26903085",693
"tt31547884",693
"tt34761368",693
"tt28856462",693
"tt32351597",693
"tt30476511",693
"tt14490962",694
"tt21153722",694
"tt22394362",695
"tt5226370",696
"tt5199102",696
"tt6416788",696
"tt6500726",696
"tt5539350",697
"tt1619803",697
"tt11646202",698
"tt11107872",698
"tt6500168",698
"tt9359680",698
"tt8088056",699
"tt6730970",700
"tt19783330",701
"tt33362747",702
"tt12837202",703
"tt9766528",703
"tt39018552",703
"tt2668958",703
"tt2343238",703
"tt2316564",703
"tt14697622",703
"tt34960278",703
"tt27011486",703
"tt2187550",703
"tt3032050",703
"tt11799764",703
"tt11753890",704
"tt11799764",704
"tt18948502",705
"tt2251820",706
"tt10640174",707
"tt37344163",708
"tt38221401",708
"tt37344163",709
"tt1190120",710
"tt1308937",711
"tt1369687",711
"tt2323683",712
"tt38771693",713
"tt5049258",714
"tt10651304",715
"tt1817684",716
"tt10613684",717
"tt1385992",718
"tt8259618",718
"tt11379038",718
"tt1631835",718
"tt1748216",718
"tt1190149",718
"tt1631817",718
"tt29632632",719
"tt33362918",719
"tt27433995",720
"tt33771507",720
"tt13484872",720
"tt7885874",720
"tt11710090",720
"tt10773114",720
"tt33362918",720
"tt27490380",720
"tt33183823",720
"tt13393058",720
"tt6029714",720
"tt10640262",720
"tt13550666",720
"tt26923485",720
"tt3813456",720
"tt6503596",720
"tt14773940",720
"tt23472308",720
"tt8065796",720
"tt9543488",720
"tt21968956",720
"tt7138190",720
"tt33362747",720
"tt13081264",720
"tt30320624",720
"tt11835236",720
"tt14807346",720
"tt34424283",720
"tt10066526",720
"tt28307306",720
"tt10643938",720
"tt38734007",720
"tt1414494",720
"tt11423002",720
"tt24049304",720
"tt13580706",720
"tt4643400",720
"tt10589924",720
"tt14807282",720
"tt36820596",720
"tt27433995",721
"tt36820596",721
"tt21446248",722
"tt28623567",723
"tt28307306",724
"tt27526182",724
"tt11841132",725
"tt30750109",726
"tt37317285",726
"tt38671739",726
"tt39028066",726
"tt37970255",726
"tt9528890",727
"tt1385919",728
"tt33500928",729
"tt8181502",729
"tt36589006",730
"tt11841132",731
"tt6947800",732
"tt29941083",732
"tt14490962",733
"tt10495746",734
"tt21047870",734
"tt37149778",734
"tt12741494",734
"tt31070670",734
"tt31158599",734
"tt1431030",735
"tt1631693",735
"tt2221743",736
"tt10883272",737
"tt9590188",737
"tt18989582",737
"tt27648500",737
"tt11655972",738
"tt2072940",739
"tt31382101",740
"tt23135974",740
"tt2455330",741
"tt1369642",741
"tt10773028",742
"tt7974204",743
"tt15169898",744
"tt23472308",745
"tt28349451",746
"tt6116856",746
"tt5581630",747
"tt4713884",748
"tt10133780",749
"tt27823026",750
"tt14051728",751
"tt6917210",752
